{
  "baseline": {
    "free_mb": 11473,
    "active_mb": 1882,
    "wired_mb": 2209,
    "swap_used_mb": 892.19,
    "swap_free_mb": 1155.81
  },
  "results": [
    {
      "combo": [
        4,
        32768,
        4,
        8192
      ],
      "status": "FAIL",
      "after_load": {
        "free_mb": 143,
        "active_mb": 3043,
        "wired_mb": 2127,
        "swap_used_mb": 4484.19,
        "swap_free_mb": 635.81
      },
      "after_chat": {
        "free_mb": 105,
        "active_mb": 2873,
        "wired_mb": 3149,
        "swap_used_mb": 1403.31,
        "swap_free_mb": 644.69
      },
      "swap_delta_mb": 511.1199999999999,
      "heavy_dt": 22.460213899612427,
      "tiny_dt": 4.713294982910156,
      "reasons": [
        "swap grew 511 MB (limit 500)"
      ]
    },
    {
      "combo": [
        2,
        32768,
        2,
        4096
      ],
      "status": "PASS",
      "after_load": {
        "free_mb": 313,
        "active_mb": 2962,
        "wired_mb": 2032,
        "swap_used_mb": 4404.06,
        "swap_free_mb": 715.94
      },
      "after_chat": {
        "free_mb": 106,
        "active_mb": 2849,
        "wired_mb": 3131,
        "swap_used_mb": 1372.81,
        "swap_free_mb": 675.19
      },
      "swap_delta_mb": 480.6199999999999,
      "heavy_dt": 17.551248788833618,
      "tiny_dt": 4.540655136108398,
      "reasons": []
    }
  ]
}